{  
      // echo $obj->items[0]->title





      // $obj->items[0]
      "lastBuildDate":"Thu, 05 Jul 2018 16:06:12 +0900",
      "total":276777,
      "start":1,
      "display":10,
      "items":[  
         {  
            "title":"단 하루도 너를 사랑하지 않은 날이 없다",
            "link":"http://book.naver.com/bookdb/book_detail.php?bid=13330217",
            "image":"https://bookthumb-phinf.pstatic.net/cover/133/302/13330217.jpg?type=m1&udate=20180331",
            "author":"김재식",
            "price":"14000",
            "discount":"12600",
            "publisher":"쌤앤파커스",
            "pubdate":"20180302",
            "isbn":"8965705800 9788965705802",
            "description":"하루도 잊어본 적 없는 너, 하루도 놓아본 적 없는 나… 우리는 사랑일까? 사랑 뒤에 오는 것들은 미숙했던 생각과 배려하지 못했던 마음이다. 온전히 나답게, 다시 뜨겁게 사랑하기 위해선 상처들을 조심스레 내려놓아야 한다고 조언하는 사람. 김재식 작가는 국내 최대 규모의 사랑 커뮤니티 '사알'을... "
         },
         {  
            "title":"완벽하게 사랑하는 너에게 (뻔하지만 이 말밖엔)",
            "link":"http://book.naver.com/bookdb/book_detail.php?bid=13560676",
            "image":"https://bookthumb-phinf.pstatic.net/cover/135/606/13560676.jpg?type=m1&udate=20180630",
            "author":"심재원",
            "price":"13000",
            "discount":"11700",
            "publisher":"위즈덤하우스",
            "pubdate":"20180504",
            "isbn":"1162205806 9791162205808",
            "description":"따뜻한 시선과 섬세한 관찰로\nSNS 수십만 부모들의 공감! 감동! 위로!\n그림에다 감성 가족 에세이\n\n아빠가 육아에 참여하면 어떤 점이 좋을까? 그림에다는 아이의 마음을 섬세하게 바라보고, 아내만의 시간을 만들어 주고, 아내의 이야기를 경청해 주는 역할을 하고 있다. 아이를 돌보는 서툰 아빠의 시선뿐만... "
         },
         {  
            "title":"상처받지 않고 끝까지 사랑하기 (내게 상처주는 타인의 말과 행동에서 자유하기)",
            "link":"http://book.naver.com/bookdb/book_detail.php?bid=13571902",
            "image":"https://bookthumb-phinf.pstatic.net/cover/135/719/13571902.jpg?type=m1&udate=20180703",
            "author":"유은정",
            "price":"15000",
            "discount":"13500",
            "publisher":"규장",
            "pubdate":"20180508",
            "isbn":"8960975370 9788960975378",
            "description":"상처를 받을지라도 말씀을 따라 예수님의 제자로 살기를 원하는 이들을 위한 전문적이고 성경적인 가이드!《혼자 잘해주고 상처받지 마라》의 저자 정신과 전문의 유은정의 크리스천을 위한 마음 건강 처방전 『상처받지 않고 끝까지 사랑하기』. 낮은 자존감, 불편한 관계, 불안과 외로움, 중독에 시달리는... "
         },
         {  
            "title":"살며 사랑하며 배우며 (출간 35주년 love에디션 특별판)",
            "link":"http://book.naver.com/bookdb/book_detail.php?bid=13212219",
            "image":"https://bookthumb-phinf.pstatic.net/cover/132/122/13212219.jpg?type=m1&udate=20180522",
            "author":"레오 버스카글리아",
            "price":"13800",
            "discount":"12420",
            "publisher":"홍익출판사",
            "pubdate":"20180123",
            "isbn":"8970656200 9788970656205",
            "description":"자기 삶에 대한 확신과 내일을 여는 지혜 그리고 사랑이 있는 삶\n세계인이 감동한 레오 버스카글리아 교수의 사랑학 특강이\nLOVE에디션으로 다시... 중요성과 사랑의 기쁨을 가르쳐줄 필요성을 통감하고 ‘러브 클래스’라는 세미나를 시작했다. 자아실현과 사랑의 실천법에 대해 말하는 그의 강의는 곧 큰 호응을... "
         },
         {  
            "title":"우리도 사랑할 수 있을까 (행복하려거든 사랑하라)",
            "link":"http://book.naver.com/bookdb/book_detail.php?bid=13365938",
            "image":"https://bookthumb-phinf.pstatic.net/cover/133/659/13365938.jpg?type=m1&udate=20180313",
            "author":"오연호",
            "price":"15000",
            "discount":"13500",
            "publisher":"오마이북",
            "pubdate":"20180223",
            "isbn":"8997780271 9788997780273",
            "description":"“나를 사랑하고 우리를 사랑할 때 행복사회가 온다” 행복한 인생을 위한 삶의 철학\n\n행복한 인생을 살아가려면 어떻게 해야 할까? 행복사회의 비결은... 행복한 인생, 행복한 사회를 실천하는 사람들의 이야기《우리도 사랑할 수 있을까》다.\n“행복하려거든 사랑하라. 부족한 그대로의 나를 사랑하고 그... "
         },
         {  
            "title":"사랑해도 혼나지 않는 꿈이었다",
            "link":"http://book.naver.com/bookdb/book_detail.php?bid=13561489",
            "image":"https://bookthumb-phinf.pstatic.net/cover/135/614/13561489.jpg?type=m1&udate=20180630",
            "author":"시요일",
            "price":"10000",
            "discount":"9000",
            "publisher":"미디어창비",
            "pubdate":"20180430",
            "isbn":"1186621907 9791186621905",
            "description":"파국을 맞은 뒤 찾아오는 지독한 외로움의 순간!독자들의 일상을 시로 물들인 큐레이션 앱 ‘시요일’이 론칭 1주년과 이용자 20만 돌파를 기념해 선보이는 시선집 『사랑해도 혼나지 않는 꿈이었다』. 그간 이용자들이 가장 많이 찾은 키워드인 ‘사랑’을 테마로 펴낸 시선집으로, 사랑이라는 보편적인... "
         },
         {  
            "title":"나를 사랑하지 못하는 나에게 (있는 그대로의 나를 인정하기 위한 자존감 훈련)",
            "link":"http://book.naver.com/bookdb/book_detail.php?bid=12332478",
            "image":"https://bookthumb-phinf.pstatic.net/cover/123/324/12332478.jpg?type=m1&udate=20171228",
            "author":"안드레아스 크누프",
            "price":"14000",
            "discount":"12600",
            "publisher":"걷는나무",
            "pubdate":"20170810",
            "isbn":"8901218763 9788901218762",
            "description":"자신도 모르게 자기비난에 빠져 있는 이들에게 꼭 필요한 행복 안내서 『나를 사랑하지 못하는... 나를 사랑하며 ‘자존감’을 지켜나갈 것을 강조한다.\n\n자신에게 친절한 사람은 자기비난이 인생을... 불안감에 시달리는 이들이 나 자신을 사랑하고 조금 더 홀가분한 마음으로 행복에 이를 수 있도록 이끌어준다."
         },
         {  
            "title":"오타쿠에게 사랑은 어려워 4",
            "link":"http://book.naver.com/bookdb/book_detail.php?bid=13641398",
            "image":"https://bookthumb-phinf.pstatic.net/cover/136/413/13641398.jpg?type=m1&udate=20180523",
            "author":"후지타",
            "price":"8500",
            "discount":"7650",
            "publisher":"레진코믹스",
            "pubdate":"20180525",
            "isbn":"1161845747 9791161845746",
            "description":"일본 현지 550만부(전자서비스포함) 돌파!\n이 만화가 대단해 2016 여자편 제1위\n2018년 4월 일본 현지 TV애니메이션 절찬 방영중!\n\n애니 오타쿠(선배) X 코스프레이어(후배)\n숨덕 부녀자 나루미와 게임 오타쿠 히로타카의 연애를 그린 초절정 인기 만화! \n평범한 데이트를 헤쳐 나온 둘 사이에 눈치채기 힘들지만... "
         },
         {  
            "title":"세상이 몰래 널 사랑하고 있어 (완벽하지 않아도... 괜찮아)",
            "link":"http://book.naver.com/bookdb/book_detail.php?bid=13364996",
            "image":"https://bookthumb-phinf.pstatic.net/cover/133/649/13364996.jpg?type=m1&udate=20180505",
            "author":"뤼후이",
            "price":"14000",
            "discount":"12600",
            "publisher":"밝은세상",
            "pubdate":"20180226",
            "isbn":"898437346X 9788984373464",
            "description":"세상은 몰래 당신을 사랑하고 있다. 다만 아직 모르고 있을 뿐이다.발표하는 책마다 100만 부 이상 판매되는, 중국 젊은이들이 사랑하는 에세이스트 뤼후이의 최신작 『세상이 몰래 널 사랑하고 있어』. 아무리 어려운 상황에서도 세상의 밝음과 기쁨을 찾아내는 힘을 가진 저자는 이 책에서 강하지만 따스하게... "
         },
         {  
            "title":"이 삶을 사랑하지 않을 이유가 없다 (죽음을 앞둔 서른여덟 작가가 전하는 인생의 의미)",
            "link":"http://book.naver.com/bookdb/book_detail.php?bid=12801389",
            "image":"https://bookthumb-phinf.pstatic.net/cover/128/013/12801389.jpg?type=m1&udate=20171227",
            "author":"니나 리그스",
            "price":"14000",
            "discount":"12600",
            "publisher":"북라이프",
            "pubdate":"20171205",
            "isbn":"1185459944 9791185459943",
            "description":" 
   『이 삶을 사랑하지 않을 이유가 없다』는 서른여덟 살의 나이에 전이성 유방암 선고를 받고 시한부 삶을 살다간 한 작가의 마지막 삶의 여정을... 그녀는 암이 진행된 제1기, 제2기, 제3기, 제4기까지 약 1년 6개월간, 사랑스럽고 생기 넘치는 두 아들과 언제나 정직함과 유머를 잃지 않았던 남편... "
         }
      ]
   }